[
  {
    "name": "Webretro Collection",
    "path": "/webretro",
    "img": "genesis.png",
    "description": "Search through the collection of emulators featured!"
  },
  {
    "name": "GBA Emulator",
    "path": "/webretro?core=mgba",
    "img": "gba.png",
    "description": "Emulate GBA, GB, and GBC games! Click to upload a ROM."
  },
  {
    "name": "NES Emulator",
    "path": "/webretro?core=nestopia",
    "img": "nes.png",
    "description": "Emulate NES games! Click to upload a ROM."
  },
  {
    "name": "SNES Emulator",
    "path": "/webretro?core=snes9x",
    "img": "snes.png",
    "description": "Emulate SNES games! Click to upload a ROM."
  },
  {
    "name": "N64 Emulator",
    "path": "/webretro?core=mupen64plus_next",
    "img": "nintendo64.png",
    "description": "Emulate N64 games! Click to upload a ROM."
  },
  {
    "name": "VibeOS",
    "path": "/vibe-os",
    "img": "vibeos.svg",
    "description": "JavaScript based Desktop Environment that runs in your browser."
  }
]
